{"cameraMode":{"drawMode":0,"name":"Shaded","section":"Shading Mode"},"sceneLighting":true,"audioPlay":false,"sceneViewState":{"m_AlwaysRefresh":false,"showFog":true,"showSkybox":true,"showFlares":true,"showImageEffects":true,"showParticleSystems":true,"showVisualEffectGraphs":true,"m_FxEnabled":true},"in2DMode":false,"pivot":{"x":972.2872314453125,"y":534.9030151367188,"z":2.788090467453003},"rotation":{"x":0.02399924211204052,"y":0.004798745736479759,"z":0.00009191709250444546,"w":-0.9997628331184387},"size":430.84234619140627,"orthographic":true}