{"cameraMode":{"drawMode":0,"name":"Shaded","section":"Shading Mode"},"sceneLighting":false,"audioPlay":false,"sceneViewState":{"m_AlwaysRefresh":false,"showFog":true,"showSkybox":false,"showFlares":true,"showImageEffects":true,"showParticleSystems":true,"showVisualEffectGraphs":true,"m_FxEnabled":true},"in2DMode":false,"pivot":{"x":0.3400000333786011,"y":3.9000000953674318,"z":-0.7999999523162842},"rotation":{"x":0.15540410578250886,"y":-0.3426907956600189,"z":0.0575917512178421,"w":0.9247188568115234},"size":1.5347669124603272,"orthographic":true}