{"cameraMode":{"drawMode":0,"name":"Shaded","section":"Shading Mode"},"sceneLighting":false,"audioPlay":false,"sceneViewState":{"m_AlwaysRefresh":false,"showFog":true,"showSkybox":false,"showFlares":true,"showImageEffects":true,"showParticleSystems":true,"showVisualEffectGraphs":true,"m_FxEnabled":true},"in2DMode":false,"pivot":{"x":5.539999961853027,"y":5.679999828338623,"z":32.619998931884769},"rotation":{"x":0.1490224450826645,"y":-0.3566053807735443,"z":0.057729173451662067,"w":0.9204961061477661},"size":3.5735208988189699,"orthographic":true}